<atlassian-plugin key="${atlassian.plugin.key}" name="${project.name}" plugins-version="2">
    <plugin-info>
        <description>${project.description}</description>
        <version>${project.version}</version>
        <vendor name="${project.organization.name}" url="${project.organization.url}" />
        <param name="plugin-icon">images/pluginIcon.png</param>
        <param name="plugin-logo">images/pluginLogo.png</param>
    </plugin-info>

    <!-- add our i18n resource -->
    <resource type="i18n" name="i18n" location="ai-jira"/>
    
    <!-- add our web resources -->
    <web-resource key="ai-jira-resources" name="ai-jira Web Resources">
        <dependency>com.atlassian.auiplugin:ajs</dependency>
        
        <resource type="download" name="ai-jira.css" location="/css/ai-jira.css"/>
        <resource type="download" name="ai-jira.js" location="/js/ai-jira.js"/>
        <resource type="download" name="images/" location="/images"/>

        <context>ai-jira</context>
    </web-resource>

<web-item key="call-api-button" name="Call External API Button" section="jira.issue.tools" weight="1000">
    <label>Call API</label>
    <link linkId="call-api-link">/plugins/servlet/call-api?issueKey=${issue.key}</link>
</web-item>


<servlet name="Call API Servlet" key="call-api-servlet" class="aiPlugin.servlet.CallApiServlet">
    <description>Calls external API and updates issue</description>
    <url-pattern>/call-api</url-pattern>
</servlet>

<servlet name="Test Case Fetcher" key="test-case-servlet" class="aiPlugin.servlet.TestCaseServlet">
    <description>Fetches test cases for a story</description>
    <url-pattern>/fetch-test-cases</url-pattern>
</servlet>

<web-item key="fetch-testcases-button" name="Fetch Test Cases" section="jira.issue.tools" weight="1200">
    <label>Fetch Test Cases</label>
    <link linkId="fetch-testcases-link">/plugins/servlet/fetch-test-cases?issueKey=${issue.key}</link>
</web-item>


   



    
</atlassian-plugin>